id,apc,Provider_Id,Provider_City,Provider_State,Provider_Zip_Code,Hospital_Referral_Region,Outpatient_Services,Average_Estimated_Submitted_Charges,Average_Total_Payments
1,	0019 - Level I Excision/ Biopsy,50320,OAKLAND,CA,94602,CA - Alameda County,13,884.3076923,405.0915385
2,	0019 - Level I Excision/ Biopsy,40084,BENTON,AR,72015,AR - Little Rock,29,1123.706207,248.8651724
3,	0019 - Level I Excision/ Biopsy,40055,FORT SMITH,AR,72902,AR - Fort Smith,84,1630.598333,233.8538095
4,	0019 - Level I Excision/ Biopsy,80001,NEWARK,DE,19718,DE - Wilmington,17,692.3617647,330.3335294
5,	0019 - Level I Excision/ Biopsy,70022,NEW HAVEN,CT,6504,CT - New Haven,11,3647.066364,375.67
6,	0019 - Level I Excision/ Biopsy,50113,SAN MATEO,CA,94403,CA - San Mateo County,12,929.9183333,433.4891667
7,	0019 - Level I Excision/ Biopsy,50335,SONORA,CA,95370,CA - Modesto,59,752.4576271,372.4113559
8,	0019 - Level I Excision/ Biopsy,50280,REDDING,CA,96001,CA - Redding,13,1473.307692,396.4084615
9,	0019 - Level I Excision/ Biopsy,20024,SOLDOTNA,AK,99669,AK - Anchorage,16,745.31625,407.786875
10,	0019 - Level I Excision/ Biopsy,100025,PENSACOLA,FL,32504,FL - Pensacola,24,781.1333333,260.9045833
11,	0019 - Level I Excision/ Biopsy,30111,TUCSON,AZ,85713,AZ - Tucson,13,2163.488462,271.0476923
12,	0019 - Level I Excision/ Biopsy,100068,DAYTONA BEACH,FL,32117,FL - Ormond Beach,11,7532.941818,292.88
13,	0019 - Level I Excision/ Biopsy,80006,SEAFORD,DE,19973,MD - Salisbury,16,389.625,317.23
14,	0019 - Level I Excision/ Biopsy,50454,SAN FRANCISCO,CA,94143,CA - San Francisco,94,750.3723404,372.0117021
15,	0019 - Level I Excision/ Biopsy,100006,ORLANDO,FL,32806,FL - Orlando,12,12587.33333,295.02
16,	0019 - Level I Excision/ Biopsy,50262,LOS ANGELES,CA,90095,CA - Los Angeles,128,987.1564063,337.55375
17,	0019 - Level I Excision/ Biopsy,10078,ANNISTON,AL,36207,AL - Birmingham,16,3741.180625,263.56
18,	0019 - Level I Excision/ Biopsy,40011,DANVILLE,AR,72833,AR - Little Rock,29,414.6551724,264.7675862
19,	0019 - Level I Excision/ Biopsy,100055,TARPON SPRINGS,FL,34689,FL - Clearwater,16,975.566875,285.39375
20,	0019 - Level I Excision/ Biopsy,10033,BIRMINGHAM,AL,35233,AL - Birmingham,103,2109.941845,222.8035922
21,	0019 - Level I Excision/ Biopsy,70036,FARMINGTON,CT,6032,CT - Hartford,283,536.9484452,318.9577385
22,	0019 - Level I Excision/ Biopsy,50254,PLACERVILLE,CA,95667,CA - Sacramento,71,328.2816901,319.9828169
23,	0019 - Level I Excision/ Biopsy,60022,COLORADO SPRING,CO,80909,CO - Colorado Springs,15,5529.996667,289.2353333
24,	0019 - Level I Excision/ Biopsy,50580,LA PALMA,CA,90623,CA - Orange County,17,2368.542941,346.7141176
25,	0019 - Level I Excision/ Biopsy,70035,NEW BRITAIN,CT,6050,CT - Hartford,11,1794.347273,371.5163636
26,	0019 - Level I Excision/ Biopsy,10001,DOTHAN,AL,36301,AL - Dothan,14,4165.27,278.04
27,	0019 - Level I Excision/ Biopsy,60024,AURORA,CO,80045,CO - Denver,140,1970.094786,292.0889286
28,	0019 - Level I Excision/ Biopsy,100022,MIAMI,FL,33136,FL - Miami,13,679.9230769,273.8492308
29,	0019 - Level I Excision/ Biopsy,30064,TUCSON,AZ,85724,AZ - Tucson,27,1646.428148,236.7925926
30,	0019 - Level I Excision/ Biopsy,50573,RANCHO MIRAGE,CA,92270,CA - Palm Springs/Rancho M,103,1408.896602,356.8117476
31,	0019 - Level I Excision/ Biopsy,50276,MARTINEZ,CA,94553,CA - Contra Costa County,23,19.08695652,434.9252174
32,	0019 - Level I Excision/ Biopsy,70011,TORRINGTON,CT,6790,CT - Hartford,80,496.525,341.16975
33,	0019 - Level I Excision/ Biopsy,70006,STAMFORD,CT,6904,CT - Bridgeport,18,2820.870556,375.67
34,	0019 - Level I Excision/ Biopsy,50599,SACRAMENTO,CA,95817,CA - Sacramento,125,3779.51512,389.44888
35,	0019 - Level I Excision/ Biopsy,100045,DELAND,FL,32720,FL - Orlando,44,521.3786364,292.88
36,	0019 - Level I Excision/ Biopsy,10099,BREWTON,AL,36426,FL - Pensacola,16,1326.3125,233.351875
37,	0019 - Level I Excision/ Biopsy,40119,BATESVILLE,AR,72503,AR - Little Rock,14,3061.43,304.05
38,	0019 - Level I Excision/ Biopsy,50394,VENTURA,CA,93003,CA - Ventura,15,38,370.56
39,	0019 - Level I Excision/ Biopsy,50225,PARADISE,CA,95969,CA - Chico,11,2074.272727,360.31
40,	0019 - Level I Excision/ Biopsy,40016,LITTLE ROCK,AR,72205,AR - Little Rock,49,609.0332653,275.1614286
41,	0019 - Level I Excision/ Biopsy,40014,SEARCY,AR,72143,AR - Little Rock,39,834.7435897,304.0992308
42,	0019 - Level I Excision/ Biopsy,50441,STANFORD,CA,94305,CA - San Mateo County,92,3003.463913,331.5280435
43,	0019 - Level I Excision/ Biopsy,70025,HARTFORD,CT,6102,CT - Hartford,14,1713.007143,337.0942857
44,	0019 - Level I Excision/ Biopsy,10016,ALABASTER,AL,35007,AL - Birmingham,11,1847.272727,268.7809091
45,	0019 - Level I Excision/ Biopsy,130006,BOISE,ID,83712,ID - Boise,115,135.226087,293.3673913
46,	0019 - Level I Excision/ Biopsy,130049,COEUR D'ALENE,ID,83814,WA - Spokane,31,345,299.0845161
47,	0019 - Level I Excision/ Biopsy,110034,AUGUSTA,GA,30912,GA - Augusta,25,1024.4652,288.2528
48,	0019 - Level I Excision/ Biopsy,160064,MASON CITY,IA,50401,IA - Mason City,251,351.2954183,294.2104781
49,	0019 - Level I Excision/ Biopsy,140135,DECATUR,IL,62526,IL - Springfield,68,1001.399412,285.9980882
50,	0019 - Level I Excision/ Biopsy,160101,DES MOINES,IA,50314,IA - Des Moines,20,795.5765,292.8215
51,	0019 - Level I Excision/ Biopsy,180020,MIDDLESBORO,KY,40965,TN - Knoxville,21,819.0361905,261.4042857
52,	0019 - Level I Excision/ Biopsy,110079,ATLANTA,GA,30303,GA - Atlanta,14,6208.702143,291.74
53,	0019 - Level I Excision/ Biopsy,180029,HAZARD,KY,41701,KY - Lexington,11,2659.265455,245.1736364
54,	0019 - Level I Excision/ Biopsy,160067,WATERLOO,IA,50702,IA - Waterloo,171,220.8696491,250.9893567
55,	0019 - Level I Excision/ Biopsy,180088,LOUISVILLE,KY,40202,KY - Louisville,14,3470.851429,290.39
56,	0019 - Level I Excision/ Biopsy,160124,SPIRIT LAKE,IA,51360,SD - Sioux Falls,26,364.8403846,256.59
57,	0019 - Level I Excision/ Biopsy,180013,BOWLING GREEN,KY,42101,TN - Nashville,11,4834.938182,293.29
58,	0019 - Level I Excision/ Biopsy,140276,MAYWOOD,IL,60153,IL - Melrose Park,65,1279.292615,308.642
59,	0019 - Level I Excision/ Biopsy,150104,LEBANON,IN,46052,IN - Indianapolis,17,1934.470588,304.1235294
60,	0019 - Level I Excision/ Biopsy,140143,SPRING VALLEY,IL,61362,IL - Peoria,23,890.2347826,283.27
61,	0019 - Level I Excision/ Biopsy,110128,VIDALIA,GA,30474,GA - Savannah,17,1651.2,308.44
62,	0019 - Level I Excision/ Biopsy,180040,LOUISVILLE,KY,40202,KY - Louisville,11,8371.902727,290.39
63,	0019 - Level I Excision/ Biopsy,170013,HAYS,KS,67601,KS - Wichita,25,352.2,290.4324
64,	0019 - Level I Excision/ Biopsy,140062,PALOS HEIGHTS,IL,60463,IL - Blue Island,14,4090.207143,318.41
65,	0019 - Level I Excision/ Biopsy,150064,CONNERSVILLE,IN,47331,IN - Indianapolis,16,322.7,265.396875
66,	0019 - Level I Excision/ Biopsy,140091,URBANA,IL,61801,IL - Urbana,73,1177.786712,291.1516438
67,	0019 - Level I Excision/ Biopsy,140088,CHICAGO,IL,60637,IL - Chicago,73,2291.177808,264.3349315
68,	0019 - Level I Excision/ Biopsy,140150,CHICAGO,IL,60612,IL - Chicago,18,1674.653333,300.7211111
69,	0019 - Level I Excision/ Biopsy,140191,HARVEY,IL,60426,IL - Blue Island,15,7208.29,318.41
70,	0019 - Level I Excision/ Biopsy,130007,BOISE,ID,83706,ID - Boise,26,763.4561538,275.5276923
71,	0019 - Level I Excision/ Biopsy,150030,NEW CASTLE,IN,47362,IN - Indianapolis,16,955.709375,313.49
72,	0019 - Level I Excision/ Biopsy,140043,STERLING,IL,61081,IL - Rockford,159,1051.506289,291.2386164
73,	0019 - Level I Excision/ Biopsy,140067,PEORIA,IL,61637,IL - Peoria,20,1925.955,226.8825
74,	0019 - Level I Excision/ Biopsy,150023,TERRE HAUTE,IN,47804,IN - Terre Haute,14,7237.232143,313.34
75,	0019 - Level I Excision/ Biopsy,100313,PORT SAINT JOE,FL,32456,FL - Panama City,12,151.6275,249.5525
76,	0019 - Level I Excision/ Biopsy,130002,TWIN FALLS,ID,83301,ID - Boise,102,82.37254902,287.8410784
77,	0019 - Level I Excision/ Biopsy,120022,HONOLULU,HI,96813,HI - Honolulu,76,465.5197368,314.8094737
78,	0019 - Level I Excision/ Biopsy,150056,INDIANAPOLIS,IN,46202,IN - Indianapolis,29,2048.939655,302.5344828
79,	0019 - Level I Excision/ Biopsy,140012,DIXON,IL,61021,IL - Rockford,66,201.5606061,284.6760606
80,	0019 - Level I Excision/ Biopsy,150165,MUNSTER,IN,46321,IN - Munster,36,2320.207222,227.3916667
81,	0019 - Level I Excision/ Biopsy,140280,ROCK ISLAND,IL,61201,IA - Davenport,18,2799.322222,299.7977778
82,	0019 - Level I Excision/ Biopsy,150009,JEFFERSONVILLE,IN,47130,KY - Louisville,12,1522.275833,290.39
83,	0019 - Level I Excision/ Biopsy,150026,GOSHEN,IN,46526,IN - South Bend,24,492.6666667,296.1054167
84,	0019 - Level I Excision/ Biopsy,160058,IOWA CITY,IA,52242,IA - Iowa City,72,833.9156944,266.3969444
85,	0019 - Level I Excision/ Biopsy,160001,MARSHALLTOWN,IA,50158,IA - Des Moines,22,380.1818182,285.1168182
86,	0019 - Level I Excision/ Biopsy,140010,EVANSTON,IL,60201,IL - Evanston,431,480.552297,307.1885847
87,	0019 - Level I Excision/ Biopsy,140200,ELMHURST,IL,60126,IL - Melrose Park,52,559.6330769,305.0425
88,	0019 - Level I Excision/ Biopsy,150035,VALPARAISO,IN,46383,IN - Gary,18,5548.187778,289.3777778
89,	0019 - Level I Excision/ Biopsy,180018,MOREHEAD,KY,40351,KY - Lexington,46,463.6676087,303.8013043
90,	0019 - Level I Excision/ Biopsy,140080,EVANSTON,IL,60202,IL - Evanston,11,2086.539091,318.6236364
91,	0019 - Level I Excision/ Biopsy,150072,LOGANSPORT,IN,46947,IN - Indianapolis,24,777.7670833,292.5791667
92,	0019 - Level I Excision/ Biopsy,140119,CHICAGO,IL,60612,IL - Chicago,61,1001.31377,298.5972131
93,	0019 - Level I Excision/ Biopsy,140208,OAK LAWN,IL,60453,IL - Blue Island,16,3617.60875,254.82625
94,	0019 - Level I Excision/ Biopsy,140210,HARRISBURG,IL,62946,IN - Evansville,13,338.7384615,303.5176923
95,	0019 - Level I Excision/ Biopsy,180017,GLASGOW,KY,42141,KY - Louisville,25,1965.57,256.1364
96,	0019 - Level I Excision/ Biopsy,110129,COLUMBUS,GA,31995,GA - Columbus,82,154.2578049,265.8156098
97,	0019 - Level I Excision/ Biopsy,140155,KANKAKEE,IL,60901,IL - Joliet,11,2955.842727,318.41
98,	0019 - Level I Excision/ Biopsy,260097,WARRENSBURG,MO,64093,MO - Kansas City,28,397.2771429,252.2771429
99,	0019 - Level I Excision/ Biopsy,260175,CLINTON,MO,64735,MO - Kansas City,52,789.4836538,234.6628846
100,	0019 - Level I Excision/ Biopsy,200020,YORK,ME,3909,ME - Portland,25,506.76,297.1716
101,	0019 - Level I Excision/ Biopsy,250102,JACKSON,MS,39202,MS - Jackson,12,2229.354167,276.47
102,	0019 - Level I Excision/ Biopsy,240080,MINNEAPOLIS,MN,55454,MN - Minneapolis,45,1006.073778,269.3975556
103,	0019 - Level I Excision/ Biopsy,220073,TAUNTON,MA,2780,MA - Boston,31,807.9912903,347.3725806
104,	0019 - Level I Excision/ Biopsy,240019,DULUTH,MN,55805,MN - Duluth,171,301.9824561,289.3080117
105,	0019 - Level I Excision/ Biopsy,230059,GRAND RAPIDS,MI,49503,MI - Grand Rapids,21,584.1,286.2957143
106,	0019 - Level I Excision/ Biopsy,180104,PADUCAH,KY,42003,KY - Paducah,12,9333.166667,284.41
107,	0019 - Level I Excision/ Biopsy,220071,BOSTON,MA,2114,MA - Boston,63,2869.930159,276.8771429
108,	0019 - Level I Excision/ Biopsy,230130,ROYAL OAK,MI,48073,MI - Royal Oak,16,2485.295625,303.90625
109,	0019 - Level I Excision/ Biopsy,240084,VIRGINIA,MN,55792,MN - Duluth,47,571.5957447,307.5702128
110,	0019 - Level I Excision/ Biopsy,260195,BOLIVAR,MO,65613,MO - Springfield,11,435.7272727,296.05
111,	0019 - Level I Excision/ Biopsy,240018,RED WING,MN,55066,MN - Rochester,65,321.0009231,304.6850769
112,	0019 - Level I Excision/ Biopsy,300005,LACONIA,NH,3246,NH - Manchester,91,447.7802198,345.4331868
113,	0019 - Level I Excision/ Biopsy,220067,QUINCY,MA,2169,MA - Boston,16,861.6525,359.54125
114,	0019 - Level I Excision/ Biopsy,240022,WORTHINGTON,MN,56187,SD - Sioux Falls,11,168.4545455,318.2945455
115,	0019 - Level I Excision/ Biopsy,260141,COLUMBIA,MO,65212,MO - Columbia,191,507.5580105,257.269267
116,	0019 - Level I Excision/ Biopsy,230041,BAY CITY,MI,48708,MI - Saginaw,11,888.2636364,291.5381818
117,	0019 - Level I Excision/ Biopsy,240078,EDINA,MN,55435,MN - Minneapolis,17,2040.236471,322.3517647
118,	0019 - Level I Excision/ Biopsy,240043,ALBERT LEA,MN,56007,MN - Rochester,159,395.954717,304.8075472
119,	0019 - Level I Excision/ Biopsy,180103,LEXINGTON,KY,40503,KY - Lexington,20,16107.38,284.238
120,	0019 - Level I Excision/ Biopsy,230207,PONTIAC,MI,48342,MI - Pontiac,32,249.96875,240.181875
121,	0019 - Level I Excision/ Biopsy,300001,CONCORD,NH,3301,NH - Manchester,59,304.9047458,300.0940678
122,	0019 - Level I Excision/ Biopsy,240006,ROCHESTER,MN,55904,MN - Rochester,161,281.4360248,321.3616149
123,	0019 - Level I Excision/ Biopsy,220171,BURLINGTON,MA,1803,MA - Boston,260,947.1630769,320.7606923
124,	0019 - Level I Excision/ Biopsy,270003,HELENA,MT,59601,MT - Billings,13,227.3507692,336.0515385
125,	0019 - Level I Excision/ Biopsy,240040,HIBBING,MN,55746,MN - Minneapolis,32,361.5315625,281.085
126,	0019 - Level I Excision/ Biopsy,240047,DULUTH,MN,55805,MN - Duluth,48,418.351875,304.50875
127,	0019 - Level I Excision/ Biopsy,270012,GREAT FALLS,MT,59405,MT - Great Falls,71,305.9995775,251.8443662
128,	0019 - Level I Excision/ Biopsy,240100,BEMIDJI,MN,56601,ND - Fargo/Moorhead MN,152,176.1339474,273.7586184
129,	0019 - Level I Excision/ Biopsy,240010,ROCHESTER,MN,55902,MN - Rochester,13,2311.11,329.6438462
130,	0019 - Level I Excision/ Biopsy,220100,SOUTH WEYMOUTH,MA,2190,MA - Boston,24,1579.0925,371.14
131,	0019 - Level I Excision/ Biopsy,220175,FRAMINGHAM,MA,1701,MA - Boston,47,1626.528936,315.9108511
132,	0019 - Level I Excision/ Biopsy,240004,MINNEAPOLIS,MN,55415,MN - Minneapolis,50,2758.5314,328.7988
133,	0019 - Level I Excision/ Biopsy,240187,HUTCHINSON,MN,55350,MN - Minneapolis,104,50.56730769,272.3842308
134,	0019 - Level I Excision/ Biopsy,260102,KANSAS CITY,MO,64139,MO - Kansas City,14,1006.062143,278.5014286
135,	0019 - Level I Excision/ Biopsy,240064,GRAND RAPIDS,MN,55744,MN - Minneapolis,101,150.6394059,323.6558416
136,	0019 - Level I Excision/ Biopsy,260057,CAMERON,MO,64429,MO - Kansas City,61,568.5,211.3631148
137,	0019 - Level I Excision/ Biopsy,240075,BRAINERD,MN,56401,MN - Minneapolis,115,319.3913043,290.634
138,	0019 - Level I Excision/ Biopsy,260006,SAINT JOSEPH,MO,64506,MO - Kansas City,257,602.8249027,265.525642
139,	0019 - Level I Excision/ Biopsy,200019,BIDDEFORD,ME,4005,ME - Portland,74,205.7714865,293.4825676
140,	0019 - Level I Excision/ Biopsy,180138,LA GRANGE,KY,40031,KY - Louisville,72,183.2970833,147.2165278
141,	0019 - Level I Excision/ Biopsy,260179,CHESTERFIELD,MO,63017,MO - St. Louis,31,495.7222581,249.7522581
142,	0019 - Level I Excision/ Biopsy,220024,HOLYOKE,MA,1040,MA - Springfield,29,502.4889655,339.1631034
143,	0019 - Level I Excision/ Biopsy,220108,MILTON,MA,2186,MA - Boston,11,548.6636364,354.2690909
144,	0019 - Level I Excision/ Biopsy,200037,FARMINGTON,ME,4938,ME - Portland,21,706.872381,263.9838095
145,	0019 - Level I Excision/ Biopsy,220031,BOSTON,MA,2118,MA - Boston,64,1099.394375,336.34375
146,	0019 - Level I Excision/ Biopsy,250007,BILOXI,MS,39530,MS - Gulfport,11,1514.74,284.0390909
147,	0019 - Level I Excision/ Biopsy,230004,MUSKEGON,MI,49444,MI - Muskegon,75,190.67,314.388
148,	0019 - Level I Excision/ Biopsy,200039,AUGUSTA,ME,4330,ME - Portland,88,668.0567045,276.7417045
149,	0019 - Level I Excision/ Biopsy,220011,CAMBRIDGE,MA,2138,MA - Boston,30,655.7533333,346.396
150,	0019 - Level I Excision/ Biopsy,270049,BILLINGS,MT,59107,MT - Billings,33,305.8236364,304.1987879
151,	0019 - Level I Excision/ Biopsy,230099,MONROE,MI,48162,OH - Toledo,34,3737.323529,303.5
152,	0019 - Level I Excision/ Biopsy,220008,ATTLEBORO,MA,2703,RI - Providence,18,306.3438889,329.9
153,	0019 - Level I Excision/ Biopsy,230046,ANN ARBOR,MI,48109,MI - Ann Arbor,70,944.3147143,293.2902857
154,	0019 - Level I Excision/ Biopsy,300003,LEBANON,NH,3756,NH - Lebanon,182,762.9946703,341.3924176
155,	0019 - Level I Excision/ Biopsy,200009,PORTLAND,ME,4102,ME - Portland,33,511.5660606,305.7933333
156,	0019 - Level I Excision/ Biopsy,200033,BANGOR,ME,4401,ME - Bangor,51,587.0270588,290.1494118
157,	0019 - Level I Excision/ Biopsy,270051,KALISPELL,MT,59901,MT - Missoula,41,241.2134146,319.572439
158,	0019 - Level I Excision/ Biopsy,230195,WARREN,MI,48093,MI - Detroit,18,3907.113333,282.025
159,	0019 - Level I Excision/ Biopsy,260005,SAINT CHARLES,MO,63301,MO - St. Louis,16,2036.1,288.3375
160,	0019 - Level I Excision/ Biopsy,200034,LEWISTON,ME,4240,ME - Portland,38,1361.302895,300.7731579
161,	0019 - Level I Excision/ Biopsy,200018,PRESQUE ISLE,ME,4769,ME - Bangor,62,459.6516129,250.4670968
162,	0019 - Level I Excision/ Biopsy,220135,FALMOUTH,MA,2540,MA - Boston,22,1020.427727,337.5786364
163,	0019 - Level I Excision/ Biopsy,200052,FORT KENT,ME,4743,ME - Bangor,21,345.4404762,263.9838095
164,	0019 - Level I Excision/ Biopsy,260091,RICHMOND HEIGHT,MO,63117,MO - St. Louis,13,2232.917692,279.5484615
165,	0019 - Level I Excision/ Biopsy,240101,DETROIT LAKES,MN,56501,ND - Fargo/Moorhead MN,66,435.9636364,291.9845455
166,	0019 - Level I Excision/ Biopsy,240056,WACONIA,MN,55387,MN - Minneapolis,38,339.9776316,332.12
167,	0019 - Level I Excision/ Biopsy,240044,WINONA,MN,55987,WI - La Crosse,76,228.1710526,313.4509211
168,	0019 - Level I Excision/ Biopsy,230105,PETOSKEY,MI,49770,MI - Petoskey,18,589.5,295.2444444
169,	0019 - Level I Excision/ Biopsy,230092,JACKSON,MI,49201,MI - Ann Arbor,32,1476.843125,288.4546875
170,	0019 - Level I Excision/ Biopsy,260104,BRIDGETON,MO,63044,MO - St. Louis,16,2402.8875,297.58
171,	0019 - Level I Excision/ Biopsy,300012,MANCHESTER,NH,3103,NH - Manchester,69,1132.583478,321.2382609
172,	0019 - Level I Excision/ Biopsy,230055,IRON MOUNTAIN,MI,49801,WI - Green Bay,43,1067.234884,267.6634884
173,	0019 - Level I Excision/ Biopsy,240030,ALEXANDRIA,MN,56308,MN - Minneapolis,113,334.459469,293.0027434
174,	0019 - Level I Excision/ Biopsy,200063,ROCKPORT,ME,4856,ME - Portland,165,472.3169697,281.5345455
175,	0019 - Level I Excision/ Biopsy,220116,BOSTON,MA,2111,MA - Boston,53,1126.178868,308.1128302
176,	0019 - Level I Excision/ Biopsy,230141,FLINT,MI,48532,MI - Flint,46,1540.389783,322.9752174
177,	0019 - Level I Excision/ Biopsy,220020,FALL RIVER,MA,2721,MA - Boston,31,3177.240323,365.2293548
178,	0019 - Level I Excision/ Biopsy,240052,FERGUS FALLS,MN,56537,ND - Fargo/Moorhead MN,61,283.2616393,300.0301639
179,	0019 - Level I Excision/ Biopsy,200024,LEWISTON,ME,4240,ME - Portland,43,355.4283721,277.8334884
180,	0019 - Level I Excision/ Biopsy,230054,MARQUETTE,MI,49855,MI - Marquette,42,572.4295238,308.0121429
181,	0019 - Level I Excision/ Biopsy,220110,BOSTON,MA,2115,MA - Boston,313,1275.257636,288.8813099
182,	0019 - Level I Excision/ Biopsy,180130,LOUISVILLE,KY,40207,KY - Louisville,16,2225.855625,261.46875
183,	0019 - Level I Excision/ Biopsy,220077,SPRINGFIELD,MA,1199,MA - Springfield,29,962.9158621,358.4224138
184,	0019 - Level I Excision/ Biopsy,260207,SPRINGFIELD,MO,65803,MO - Springfield,23,1190.217391,285.55
185,	0019 - Level I Excision/ Biopsy,200008,PORTLAND,ME,4101,ME - Portland,33,428.8624242,305.0566667
186,	0019 - Level I Excision/ Biopsy,220074,FALL RIVER,MA,2720,MA - Boston,46,1648.717826,364.7604348
187,	0019 - Level I Excision/ Biopsy,260137,JOPLIN,MO,64804,MO - Joplin,25,575.57,265.5836
188,	0019 - Level I Excision/ Biopsy,230165,DETROIT,MI,48236,MI - Detroit,169,443.2869822,201.1481065
189,	0019 - Level I Excision/ Biopsy,220017,BOSTON,MA,2124,MA - Boston,11,961.7490909,371.3536364
190,	0019 - Level I Excision/ Biopsy,270057,BOZEMAN,MT,59715,MT - Billings,22,228.2727273,290.1472727
191,	0019 - Level I Excision/ Biopsy,230222,MIDLAND,MI,48670,MI - Saginaw,31,1254.149355,306.7416129
192,	0019 - Level I Excision/ Biopsy,230053,DETROIT,MI,48202,MI - Detroit,91,306.3987912,284.6893407
193,	0019 - Level I Excision/ Biopsy,220046,PITTSFIELD,MA,1201,NY - Albany,38,1375.127368,317.4194737
194,	0019 - Level I Excision/ Biopsy,200050,ELLSWORTH,ME,4605,ME - Bangor,70,248.586,282.5482857
195,	0019 - Level I Excision/ Biopsy,220029,NEWBURYPORT,MA,1950,MA - Boston,11,1019,303.6563636
196,	0019 - Level I Excision/ Biopsy,200021,BRUNSWICK,ME,4011,ME - Portland,24,320.6245833,294.9275
197,	0019 - Level I Excision/ Biopsy,230080,MOUNT PLEASANT,MI,48858,MI - Lansing,18,657.2922222,278.7955556
198,	0019 - Level I Excision/ Biopsy,240166,FAIRMONT,MN,56031,MN - Minneapolis,25,400.48,305.6104
199,	0019 - Level I Excision/ Biopsy,220066,SPRINGFIELD,MA,1104,MA - Springfield,45,297.7964444,313.1328889
200,	0019 - Level I Excision/ Biopsy,230117,KALAMAZOO,MI,49048,MI - Kalamazoo,13,127.9230769,299.6330769
201,	0019 - Level I Excision/ Biopsy,230227,MOUNT CLEMENS,MI,48043,MI - Detroit,28,1862.035714,271.3571429
202,	0019 - Level I Excision/ Biopsy,230151,FARMINGTON HILL,MI,48336,MI - Ann Arbor,14,1312.58,280.0971429
203,	0019 - Level I Excision/ Biopsy,230108,HANCOCK,MI,49930,MI - Marquette,21,162.7009524,256.2414286
204,	0019 - Level I Excision/ Biopsy,270004,BILLINGS,MT,59101,MT - Billings,176,265.1534091,297.6628977
205,	0019 - Level I Excision/ Biopsy,300019,KEENE,NH,3431,NH - Lebanon,159,492.6980503,300.1918239
206,	0019 - Level I Excision/ Biopsy,190036,NEW ORLEANS,LA,70121,LA - New Orleans,108,761.8322222,280.0652778
207,	0019 - Level I Excision/ Biopsy,220086,BOSTON,MA,2215,MA - Boston,238,541.0548319,315.0080252
208,	0019 - Level I Excision/ Biopsy,230070,SAGINAW,MI,48602,MI - Saginaw,16,1611.06875,282.62875
209,	0019 - Level I Excision/ Biopsy,230236,WYOMING,MI,49519,MI - Grand Rapids,14,214.5078571,300.61
210,	0019 - Level I Excision/ Biopsy,220163,WORCESTER,MA,1655,MA - Worcester,151,765.7762252,351.475894
211,	0019 - Level I Excision/ Biopsy,220030,PALMER,MA,1069,MA - Springfield,20,601.469,371.1745
212,	0019 - Level I Excision/ Biopsy,260095,INDEPENDENCE,MO,64057,MO - Kansas City,12,8496.9925,279.8941667
213,	0019 - Level I Excision/ Biopsy,250019,GULFPORT,MS,39502,MS - Gulfport,14,862.3814286,273.8278571
214,	0019 - Level I Excision/ Biopsy,220095,GARDNER,MA,1440,MA - Worcester,19,883.3552632,312.5357895
215,	0019 - Level I Excision/ Biopsy,190202,BATON ROUGE,LA,70816,LA - Baton Rouge,22,652.5681818,270.3904545
216,	0019 - Level I Excision/ Biopsy,220075,BOSTON,MA,2114,MA - Boston,43,886.0913953,317.3125581
217,	0019 - Level I Excision/ Biopsy,310108,EDISON,NJ,8818,NJ - New Brunswick,13,1852.762308,366.56
218,	0019 - Level I Excision/ Biopsy,330226,ROCHESTER,NY,14626,NY - Rochester,11,992.1390909,237.6390909
219,	0019 - Level I Excision/ Biopsy,330223,MASSENA,NY,13662,VT - Burlington,11,558.5836364,300.78
220,	0019 - Level I Excision/ Biopsy,360059,CLEVELAND,OH,44109,OH - Cleveland,57,1320.742807,280.8384211
221,	0019 - Level I Excision/ Biopsy,350011,FARGO,ND,58122,ND - Fargo/Moorhead MN,454,347.3755507,285.8235683
222,	0019 - Level I Excision/ Biopsy,340115,PINEHURST,NC,28374,NC - Durham,21,848.3780952,235.7266667
223,	0019 - Level I Excision/ Biopsy,340041,LENOIR,NC,28645,NC - Hickory,71,460.1371831,252.9377465
224,	0019 - Level I Excision/ Biopsy,330250,PLATTSBURGH,NY,12901,VT - Burlington,14,1886.961429,338.03
225,	0019 - Level I Excision/ Biopsy,340002,ASHEVILLE,NC,28801,NC - Asheville,14,4519.702143,252.8571429
226,	0019 - Level I Excision/ Biopsy,360070,CANTON,OH,44708,OH - Canton,17,1161.382353,287.85
227,	0019 - Level I Excision/ Biopsy,330169,NEW YORK,NY,10003,NY - Manhattan,56,1194.830357,339.3139286
228,	0019 - Level I Excision/ Biopsy,350019,GRAND FORKS,ND,58201,ND - Grand Forks,216,558.7337963,275.9393519
229,	0019 - Level I Excision/ Biopsy,370056,LAWTON,OK,73505,OK - Lawton,12,2863.2875,275.25
230,	0019 - Level I Excision/ Biopsy,310041,TOMS RIVER,NJ,8755,NJ - Camden,20,2858.34,294.044
231,	0019 - Level I Excision/ Biopsy,360147,MARIETTA,OH,45750,OH - Columbus,175,437.3473143,265.9713714
232,	0019 - Level I Excision/ Biopsy,340047,WINSTON-SALEM,NC,27157,NC - Winston-Salem,55,871.5318182,250.5118182
233,	0019 - Level I Excision/ Biopsy,320021,ALBUQUERQUE,NM,87106,NM - Albuquerque,84,308.8135714,297.5458333
234,	0019 - Level I Excision/ Biopsy,360125,ASHTABULA,OH,44004,OH - Cleveland,45,835.9877778,298.5491111
235,	0019 - Level I Excision/ Biopsy,330191,GLENS FALLS,NY,12801,NY - Albany,17,665.4947059,280.5682353
236,	0019 - Level I Excision/ Biopsy,310015,MORRISTOWN,NJ,7962,NJ - Morristown,22,2743.829545,366.56
237,	0019 - Level I Excision/ Biopsy,340132,HENDERSON,NC,27536,NC - Durham,43,512.7509302,251.7227907
238,	0019 - Level I Excision/ Biopsy,330024,NEW YORK,NY,10029,NY - Manhattan,11,1259.009091,254.0318182
239,	0019 - Level I Excision/ Biopsy,340113,CHARLOTTE,NC,28203,NC - Charlotte,20,4469.634,291.5735
240,	0019 - Level I Excision/ Biopsy,340023,HENDERSONVILLE,NC,28792,NC - Asheville,81,314.1445679,234.0364198
241,	0019 - Level I Excision/ Biopsy,330008,WARSAW,NY,14569,NY - Rochester,14,746.3664286,331.79
242,	0019 - Level I Excision/ Biopsy,330229,DUNKIRK,NY,14048,NY - Buffalo,38,1002.780789,256.4944737
243,	0019 - Level I Excision/ Biopsy,340091,GREENSBORO,NC,27401,NC - Greensboro,41,47.19512195,151.1239024
244,	0019 - Level I Excision/ Biopsy,350006,MINOT,ND,58701,ND - Minot,149,737.0832886,306.6506711
245,	0019 - Level I Excision/ Biopsy,330222,SARATOGA SPRING,NY,12866,NY - Albany,21,946.0204762,270.8538095
246,	0019 - Level I Excision/ Biopsy,360054,GALLIPOLIS,OH,45631,OH - Columbus,140,367.0532143,265.6805
247,	0019 - Level I Excision/ Biopsy,360040,MOUNT VERNON,OH,43050,OH - Columbus,30,486.8253333,282.464
248,	0019 - Level I Excision/ Biopsy,310044,PENNINGTON,NJ,8534,PA - Philadelphia,12,12929.75,335.01
249,	0019 - Level I Excision/ Biopsy,330136,COOPERSTOWN,NY,13326,NY - Albany,82,261.4647561,317.5234146
250,	0019 - Level I Excision/ Biopsy,330197,POTSDAM,NY,13676,VT - Burlington,33,607.4169697,296.2227273
251,	0019 - Level I Excision/ Biopsy,350070,FARGO,ND,58104,ND - Fargo/Moorhead MN,134,436.0597015,262.2362687
252,	0019 - Level I Excision/ Biopsy,340017,HENDERSONVILLE,NC,28791,NC - Asheville,33,1283.323939,274.6181818
253,	0019 - Level I Excision/ Biopsy,330214,NEW YORK,NY,10016,NY - Manhattan,26,4934.654615,289.5126923
254,	0019 - Level I Excision/ Biopsy,370037,OKLAHOMA CITY,OK,73101,OK - Oklahoma City,71,390.1559155,261.8887324
255,	0019 - Level I Excision/ Biopsy,350015,BISMARCK,ND,58506,ND - Bismarck,188,321.2794681,274.8328723
256,	0019 - Level I Excision/ Biopsy,370100,HUGO,OK,74743,TX - Dallas,20,530.8,271.4775
257,	0019 - Level I Excision/ Biopsy,360027,AKRON,OH,44307,OH - Akron,16,4721.033125,296.26
258,	0019 - Level I Excision/ Biopsy,330005,BUFFALO,NY,14210,NY - Buffalo,26,674.6569231,264.9207692
259,	0019 - Level I Excision/ Biopsy,330132,GOWANDA,NY,14070,NY - Buffalo,14,993.1592857,264.0757143
260,	0019 - Level I Excision/ Biopsy,330101,NEW YORK,NY,10021,NY - Manhattan,13,5986.503077,372.58
261,	0019 - Level I Excision/ Biopsy,340097,ELKIN,NC,28621,NC - Winston-Salem,13,1234.133846,282.8569231
262,	0019 - Level I Excision/ Biopsy,340030,DURHAM,NC,27710,NC - Durham,14,820,283.3528571
263,	0019 - Level I Excision/ Biopsy,360159,CHILLICOTHE,OH,45601,OH - Columbus,90,295.5152222,277.004
264,	0019 - Level I Excision/ Biopsy,330239,JAMESTOWN,NY,14701,PA - Erie,18,1002.207778,280.84
265,	0019 - Level I Excision/ Biopsy,330157,WATERTOWN,NY,13601,NY - Syracuse,23,345.2408696,302.346087
266,	0019 - Level I Excision/ Biopsy,360134,CINCINNATI,OH,45220,OH - Cincinnati,11,6117.708182,299.83
267,	0019 - Level I Excision/ Biopsy,330153,SCHENECTADY,NY,12308,NY - Albany,18,3018.605556,279.4161111
268,	0019 - Level I Excision/ Biopsy,330180,TROY,NY,12180,NY - Albany,34,580.2411765,270.4929412
269,	0019 - Level I Excision/ Biopsy,340016,SYLVA,NC,28779,NC - Asheville,12,261.6083333,277.5625
270,	0019 - Level I Excision/ Biopsy,340061,CHAPEL HILL,NC,27514,NC - Durham,12,961.1866667,292.435
271,	0019 - Level I Excision/ Biopsy,360065,NORWALK,OH,44857,OH - Cleveland,15,1991.928,290.736
272,	0019 - Level I Excision/ Biopsy,310039,PERTH AMBOY,NJ,8861,NJ - New Brunswick,12,3055.6175,336.1441667
273,	0019 - Level I Excision/ Biopsy,370049,STILLWATER,OK,74076,OK - Tulsa,24,883.2083333,252.8991667
274,	0019 - Level I Excision/ Biopsy,330125,ROCHESTER,NY,14621,NY - Rochester,88,1155.393295,249.1914773
275,	0019 - Level I Excision/ Biopsy,330279,BUFFALO,NY,14220,NY - Buffalo,29,593.3786207,261.5131034
276,	0019 - Level I Excision/ Biopsy,330047,AMSTERDAM,NY,12010,NY - Albany,21,464.8166667,272.802381
277,	0019 - Level I Excision/ Biopsy,330102,KENMORE,NY,14217,NY - Buffalo,25,787.9204,195.3852
278,	0019 - Level I Excision/ Biopsy,330394,JOHNSON CITY,NY,13790,NY - Binghamton,188,369.4041489,261.1431915
279,	0019 - Level I Excision/ Biopsy,310001,HACKENSACK,NJ,7601,NJ - Hackensack,14,1240.132143,372.58
280,	0019 - Level I Excision/ Biopsy,360180,CLEVELAND,OH,44195,OH - Cleveland,563,722.8598579,275.556714
281,	0019 - Level I Excision/ Biopsy,360098,CONCORD,OH,44077,OH - Cleveland,18,536.0555556,257.1866667
282,	0019 - Level I Excision/ Biopsy,330044,UTICA,NY,13503,NY - Elmira,47,49.41170213,269.2519149
283,	0019 - Level I Excision/ Biopsy,330140,SYRACUSE,NY,13203,NY - Syracuse,12,1928.140833,297.5725
284,	0019 - Level I Excision/ Biopsy,360048,TOLEDO,OH,43699,OH - Toledo,29,3173.657241,267.9606897
285,	0019 - Level I Excision/ Biopsy,360068,TOLEDO,OH,43606,OH - Toledo,14,5676.111429,272.2114286
286,	0019 - Level I Excision/ Biopsy,340014,WINSTON-SALEM,NC,27103,NC - Winston-Salem,163,341.0647239,270.9252761
287,	0019 - Level I Excision/ Biopsy,330011,BINGHAMTON,NY,13905,NY - Binghamton,86,411.2562791,277.7577907
288,	0019 - Level I Excision/ Biopsy,320022,CLOVIS,NM,88101,TX - Lubbock,11,1034.3,291.71
289,	0019 - Level I Excision/ Biopsy,330094,HUDSON,NY,12534,NY - Albany,33,270.4393939,300.9354545
290,	0019 - Level I Excision/ Biopsy,330058,GENEVA,NY,14456,NY - Rochester,31,1072.893548,285.7651613
291,	0019 - Level I Excision/ Biopsy,340010,GOLDSBORO,NC,27534,NC - Raleigh,12,3761.066667,297.22
292,	0019 - Level I Excision/ Biopsy,330059,BRONX,NY,10467,NY - Bronx,31,3282.744839,330.5145161
293,	0019 - Level I Excision/ Biopsy,330084,MALONE,NY,12953,VT - Burlington,37,379.2983784,284.5497297
294,	0019 - Level I Excision/ Biopsy,320001,ALBUQUERQUE,NM,87106,NM - Albuquerque,37,531.8621622,303.9559459
295,	0019 - Level I Excision/ Biopsy,330078,BUFFALO,NY,14214,NY - Buffalo,20,782.074,289.6075
296,	0019 - Level I Excision/ Biopsy,360109,COSHOCTON,OH,43812,OH - Columbus,17,1045.541176,311.0835294
297,	0019 - Level I Excision/ Biopsy,450213,SAN ANTONIO,TX,78229,TX - San Antonio,20,223.5235,278.005
298,	0019 - Level I Excision/ Biopsy,390270,WILKES BARRE,PA,18711,PA - Wilkes-Barre,66,1435.335606,268.3412121
299,	0019 - Level I Excision/ Biopsy,430013,MITCHELL,SD,57301,SD - Sioux Falls,32,130.018125,294.019375
300,	0019 - Level I Excision/ Biopsy,420068,ORANGEBURG,SC,29115,SC - Columbia,16,5995.611875,314.79
301,	0019 - Level I Excision/ Biopsy,430008,BROOKINGS,SD,57006,SD - Sioux Falls,41,181.82,323.8487805
302,	0019 - Level I Excision/ Biopsy,450054,TEMPLE,TX,76508,TX - Temple,536,1060.813899,263.7701493
303,	0019 - Level I Excision/ Biopsy,380022,ALBANY,OR,97321,OR - Eugene,19,304.2105263,309.49
304,	0019 - Level I Excision/ Biopsy,390223,PHILADELPHIA,PA,19104,PA - Philadelphia,11,1776.515455,297.6645455
305,	0019 - Level I Excision/ Biopsy,390102,PITTSBURGH,PA,15215,PA - Pittsburgh,19,2829.534737,226.3421053
306,	0019 - Level I Excision/ Biopsy,420007,SPARTANBURG,SC,29303,SC - Spartanburg,12,2176.363333,281.6441667
307,	0019 - Level I Excision/ Biopsy,440050,GREENEVILLE,TN,37743,TN - Knoxville,57,278.3975439,251.2657895
308,	0019 - Level I Excision/ Biopsy,450034,BEAUMONT,TX,77702,TX - Beaumont,12,6795.235833,225.5033333
309,	0019 - Level I Excision/ Biopsy,390107,PITTSBURGH,PA,15237,PA - Pittsburgh,11,1687.454545,182.6590909
310,	0019 - Level I Excision/ Biopsy,380089,TUALATIN,OR,97062,OR - Portland,19,501.5273684,331.0531579
311,	0019 - Level I Excision/ Biopsy,380009,PORTLAND,OR,97239,OR - Portland,84,507.29,273.2388095
312,	0019 - Level I Excision/ Biopsy,410005,NORTH PROVIDENC,RI,2904,RI - Providence,13,1346.519231,344.0446154
313,	0019 - Level I Excision/ Biopsy,390086,DUBOIS,PA,15801,PA - Pittsburgh,124,390.2298387,266.6504839
314,	0019 - Level I Excision/ Biopsy,430015,PIERRE,SD,57501,SD - Sioux Falls,83,620.6012048,279.2920482
315,	0019 - Level I Excision/ Biopsy,380050,KLAMATH FALLS,OR,97601,OR - Medford,102,502.7290196,309.812451
316,	0019 - Level I Excision/ Biopsy,430027,SIOUX FALLS,SD,57117,SD - Sioux Falls,197,619.8638579,295.1388325
317,	0019 - Level I Excision/ Biopsy,390073,ALTOONA,PA,16601,PA - Altoona,17,2086.890588,293.9282353
318,	0019 - Level I Excision/ Biopsy,390031,POTTSVILLE,PA,17901,PA - Reading,12,791.1591667,284.67
319,	0019 - Level I Excision/ Biopsy,420004,CHARLESTON,SC,29425,SC - Charleston,55,1239.440909,264.8674545
320,	0019 - Level I Excision/ Biopsy,390168,BUTLER,PA,16001,PA - Pittsburgh,20,1474.2795,236.5275
321,	0019 - Level I Excision/ Biopsy,410011,WOONSOCKET,RI,2895,RI - Providence,22,2177.457273,335.7240909
322,	0019 - Level I Excision/ Biopsy,390093,CLARION,PA,16214,PA - Pittsburgh,29,180.2748276,276.8627586
323,	0019 - Level I Excision/ Biopsy,430014,ABERDEEN,SD,57401,SD - Sioux Falls,38,450.2855263,309.6244737
324,	0019 - Level I Excision/ Biopsy,450102,TYLER,TX,75701,TX - Tyler,119,463.28,283.9445378
325,	0019 - Level I Excision/ Biopsy,450028,BROWNSVILLE,TX,78520,TX - Harlingen,28,1821.399643,280.9325
326,	0019 - Level I Excision/ Biopsy,450018,GALVESTON,TX,77555,TX - Houston,77,1043.350649,291.274026
327,	0019 - Level I Excision/ Biopsy,450219,LLANO,TX,78643,TX - Austin,234,834.1173077,280.2132479
328,	0019 - Level I Excision/ Biopsy,390256,HERSHEY,PA,17033,PA - Harrisburg,99,430.7676768,281.159596
329,	0019 - Level I Excision/ Biopsy,390321,ALLENTOWN,PA,18104,PA - Allentown,52,602.1480769,254.5228846
330,	0019 - Level I Excision/ Biopsy,390114,PITTSBURGH,PA,15213,PA - Pittsburgh,18,137.6666667,143.35
331,	0019 - Level I Excision/ Biopsy,390174,PHILADELPHIA,PA,19107,PA - Philadelphia,18,13351.94444,327.43
332,	0019 - Level I Excision/ Biopsy,410004,PROVIDENCE,RI,2908,RI - Providence,20,1579.5655,257.644
333,	0019 - Level I Excision/ Biopsy,450643,LAREDO,TX,78041,TX - San Antonio,14,3489.357143,275.13
334,	0019 - Level I Excision/ Biopsy,450029,LAREDO,TX,78044,TX - San Antonio,13,8441.912308,281.92
335,	0019 - Level I Excision/ Biopsy,450011,BRYAN,TX,77802,TX - Bryan,30,1662.826333,288.4056667
336,	0019 - Level I Excision/ Biopsy,380090,COOS BAY,OR,97420,OR - Eugene,18,3566.312222,350.3433333
337,	0019 - Level I Excision/ Biopsy,430016,SIOUX FALLS,SD,57117,SD - Sioux Falls,173,226.0704046,290.1353179
338,	0019 - Level I Excision/ Biopsy,390111,PHILADELPHIA,PA,19104,PA - Philadelphia,299,366.0401338,257.903913
339,	0019 - Level I Excision/ Biopsy,380014,CORVALLIS,OR,97330,OR - Eugene,24,283.32875,311.1920833
340,	0019 - Level I Excision/ Biopsy,390222,MEDIA,PA,19063,PA - Philadelphia,13,8974.615385,317.25
341,	0019 - Level I Excision/ Biopsy,390062,ROARING SPRING,PA,16673,PA - Altoona,19,468.6921053,293.79
342,	0019 - Level I Excision/ Biopsy,450289,HOUSTON,TX,77054,TX - Houston,11,735.0018182,297.3418182
343,	0019 - Level I Excision/ Biopsy,420082,AIKEN,SC,29801,GA - Augusta,12,5193.083333,293.93
344,	0019 - Level I Excision/ Biopsy,370222,OKLAHOMA CITY,OK,73114,OK - Oklahoma City,11,380.7272727,290.52
345,	0019 - Level I Excision/ Biopsy,440039,NASHVILLE,TN,37232,TN - Nashville,55,1301.493455,260.6696364
346,	0019 - Level I Excision/ Biopsy,440048,MEMPHIS,TN,38120,TN - Memphis,12,2781.844167,282.2391667
347,	0019 - Level I Excision/ Biopsy,390006,DANVILLE,PA,17822,PA - Danville,117,1810.375556,272.1031624
348,	0019 - Level I Excision/ Biopsy,390113,MEADVILLE,PA,16335,PA - Erie,27,1903.182593,286.0696296
349,	0019 - Level I Excision/ Biopsy,390164,PITTSBURGH,PA,15213,PA - Pittsburgh,32,2923.28125,248.2434375
350,	0019 - Level I Excision/ Biopsy,410001,PAWTUCKET,RI,2860,RI - Providence,17,830.4011765,333.3970588
351,	0019 - Level I Excision/ Biopsy,390104,KANE,PA,16735,PA - Erie,19,971.3710526,302.88
352,	0019 - Level I Excision/ Biopsy,390100,LANCASTER,PA,17604,PA - Lancaster,13,4325.115385,284.0207692
353,	0019 - Level I Excision/ Biopsy,430012,YANKTON,SD,57078,SD - Sioux Falls,11,590.9090909,335.96
354,	0019 - Level I Excision/ Biopsy,410009,WARWICK,RI,2886,RI - Providence,25,2532.4864,311.6776
355,	0019 - Level I Excision/ Biopsy,380052,ONTARIO,OR,97914,ID - Boise,45,426.7366667,298.316
356,	0019 - Level I Excision/ Biopsy,390154,ST MARYS,PA,15857,PA - Erie,11,1515.918182,289.1127273
357,	0019 - Level I Excision/ Biopsy,500003,MOUNT VERNON,WA,98274,WA - Everett,153,396.7734641,333.3824837
358,	0019 - Level I Excision/ Biopsy,470012,BENNINGTON,VT,5201,NY - Albany,22,518.6909091,267.2436364
359,	0019 - Level I Excision/ Biopsy,520066,JANESVILLE,WI,53548,WI - Madison,140,345.2524286,275.7131429
360,	0019 - Level I Excision/ Biopsy,520116,WATERTOWN,WI,53098,WI - Madison,12,864.0333333,294.6316667
361,	0019 - Level I Excision/ Biopsy,520071,FORT ATKINSON,WI,53538,WI - Madison,58,689.9958621,294.8893103
362,	0019 - Level I Excision/ Biopsy,490066,WILLIAMSBURG,VA,23188,VA - Newport News,14,2017.855714,294.9664286
363,	0019 - Level I Excision/ Biopsy,490032,RICHMOND,VA,23298,VA - Richmond,169,1214.510947,295.4026036
364,	0019 - Level I Excision/ Biopsy,520028,MONROE,WI,53566,WI - Madison,154,299.038961,296.4034416
365,	0019 - Level I Excision/ Biopsy,520027,MEQUON,WI,53097,WI - Milwaukee,19,991.0342105,261.4278947
366,	0019 - Level I Excision/ Biopsy,670034,ROUND ROCK,TX,78664,TX - Austin,354,1018.525763,272.0859322
367,	0019 - Level I Excision/ Biopsy,470003,BURLINGTON,VT,5401,VT - Burlington,219,1073.220411,296.8263014
368,	0019 - Level I Excision/ Biopsy,490004,HARRISONBURG,VA,22801,VA - Charlottesville,35,836.5542857,291.99
369,	0019 - Level I Excision/ Biopsy,500005,SEATTLE,WA,98101,WA - Seattle,186,606.1943548,261.6970968
370,	0019 - Level I Excision/ Biopsy,520087,LA CROSSE,WI,54601,WI - La Crosse,121,515.9603306,286.9014876
371,	0019 - Level I Excision/ Biopsy,520078,MILWAUKEE,WI,53215,WI - Milwaukee,29,1377.89069,301.9262069
372,	0019 - Level I Excision/ Biopsy,520100,BELOIT,WI,53511,WI - Madison,159,388.358805,269.6293082
373,	0019 - Level I Excision/ Biopsy,520138,MILWAUKEE,WI,53215,WI - Milwaukee,17,4906.211176,310.71
374,	0019 - Level I Excision/ Biopsy,520098,MADISON,WI,53792,WI - Madison,97,351.1471134,300.8723711
375,	0019 - Level I Excision/ Biopsy,520019,RHINELANDER,WI,54501,WI - Wausau,16,613.849375,312.24
376,	0019 - Level I Excision/ Biopsy,460009,SALT LAKE CITY,UT,84132,UT - Salt Lake City,242,566.981405,263.7283058
377,	0019 - Level I Excision/ Biopsy,490024,ROANOKE,VA,24014,VA - Roanoke,214,305.9929907,269.6264486
378,	0019 - Level I Excision/ Biopsy,490084,TAPPAHANNOCK,VA,22560,VA - Richmond,17,1209.032353,262.0511765
379,	0019 - Level I Excision/ Biopsy,520096,RACINE,WI,53405,WI - Milwaukee,78,295.5589744,266.7255128
380,	0019 - Level I Excision/ Biopsy,520004,LA CROSSE,WI,54601,WI - La Crosse,153,427.792549,279.5006536
381,	0019 - Level I Excision/ Biopsy,520051,MILWAUKEE,WI,53211,WI - Milwaukee,37,473.2613514,285.2608108
382,	0019 - Level I Excision/ Biopsy,490052,NEWPORT NEWS,VA,23601,VA - Newport News,45,1770.047556,271.8848889
383,	0019 - Level I Excision/ Biopsy,500148,WENATCHEE,WA,98801,WA - Spokane,259,225.9457915,309.4160232
384,	0019 - Level I Excision/ Biopsy,490037,NASSAWADOX,VA,23413,VA - Norfolk,20,2208.0375,270.1005
385,	0019 - Level I Excision/ Biopsy,500008,SEATTLE,WA,98195,WA - Seattle,78,738.6084615,236.0396154
386,	0019 - Level I Excision/ Biopsy,470024,SAINT ALBANS,VT,5478,VT - Burlington,20,682.4865,320.8205
387,	0019 - Level I Excision/ Biopsy,490113,WOODBRIDGE,VA,22191,VA - Arlington,12,2815.875,252.99
388,	0019 - Level I Excision/ Biopsy,510029,SOUTH CHARLESTO,WV,25309,WV - Charleston,11,1136.648182,266.4018182
389,	0019 - Level I Excision/ Biopsy,490009,CHARLOTTESVILLE,VA,22908,VA - Charlottesville,119,949.0992437,278.1376471
390,	0019 - Level I Excision/ Biopsy,490120,CHESAPEAKE,VA,23320,VA - Norfolk,14,2397.867857,214.8178571
391,	0019 - Level I Excision/ Biopsy,490057,VIRGINIA BEACH,VA,23454,VA - Norfolk,26,1437.645,283.4496154
392,	0019 - Level I Excision/ Biopsy,510055,HUNTINGTON,WV,25701,WV - Huntington,26,1334.236538,285.1296154
393,	0019 - Level I Excision/ Biopsy,500041,LONGVIEW,WA,98632,OR - Portland,66,433.1954545,316.8195455
394,	0019 - Level I Excision/ Biopsy,500016,WENATCHEE,WA,98807,WA - Spokane,37,105.3051351,236.7227027
395,	0019 - Level I Excision/ Biopsy,520136,MILWAUKEE,WI,53210,WI - Milwaukee,12,3136.191667,289.8191667
396,	0019 - Level I Excision/ Biopsy,490093,HAMPTON,VA,23666,VA - Newport News,22,1732.248182,281.3945455
397,	0019 - Level I Excision/ Biopsy,520139,WEST ALLIS,WI,53227,WI - Milwaukee,11,3666.13,310.43
398,	0019 - Level I Excision/ Biopsy,510050,WHEELING,WV,26003,PA - Pittsburgh,73,582.8041096,229.7243836
399,	0019 - Level I Excision/ Biopsy,520033,WISCONSIN RAPID,WI,54495,WI - Marshfield,60,482.9166667,245.3586667
400,	0019 - Level I Excision/ Biopsy,520008,WAUKESHA,WI,53188,WI - Milwaukee,14,1083.928571,243.9114286
401,	0019 - Level I Excision/ Biopsy,510046,PRINCETON,WV,24740,VA - Roanoke,14,3729.302857,257.9535714
402,	0019 - Level I Excision/ Biopsy,520177,MILWAUKEE,WI,53226,WI - Milwaukee,48,1072.685208,307.1964583
403,	0019 - Level I Excision/ Biopsy,490069,MECHANICSVILLE,VA,23116,VA - Richmond,12,8896.055,289.2766667
404,	0019 - Level I Excision/ Biopsy,490046,NORFOLK,VA,23502,VA - Norfolk,200,1049.01625,278.1279
405,	0019 - Level I Excision/ Biopsy,500036,YAKIMA,WA,98902,WA - Yakima,27,974.5018519,317.7940741
406,	0019 - Level I Excision/ Biopsy,470001,BARRE,VT,5641,VT - Burlington,33,414.2493939,343.4139394
407,	0019 - Level I Excision/ Biopsy,490044,SUFFOLK,VA,23439,VA - Norfolk,17,1084.823529,277.42
408,	0019 - Level I Excision/ Biopsy,510047,FAIRMONT,WV,26554,WV - Morgantown,16,813.503125,284.53125
409,	0019 - Level I Excision/ Biopsy,500053,KENNEWICK,WA,99336,WA - Spokane,83,448.5421687,310.1650602
410,	0019 - Level I Excision/ Biopsy,520002,STEVENS POINT,WI,54481,WI - Marshfield,104,318.4528846,267.7030769
411,	0019 - Level I Excision/ Biopsy,520089,MADISON,WI,53715,WI - Madison,45,367.7777778,314.9042222
412,	0019 - Level I Excision/ Biopsy,500058,RICHLAND,WA,99352,WA - Spokane,95,693.5473684,276.0751579
413,	0019 - Level I Excision/ Biopsy,500072,PORT ANGELES,WA,98362,WA - Seattle,47,540.4185106,332.0708511
414,	0019 - Level I Excision/ Biopsy,520030,WAUSAU,WI,54401,WI - Wausau,87,345.4597701,269.4266667
415,	0019 - Level I Excision/ Biopsy,510001,MORGANTOWN,WV,26506,WV - Morgantown,27,743.242963,263.1744444
416,	0019 - Level I Excision/ Biopsy,500088,RENTON,WA,98055,WA - Seattle,32,851.955,327.4328125
417,	0019 - Level I Excision/ Biopsy,510024,MORGANTOWN,WV,26505,WV - Morgantown,12,688.75,248.6925
